,cluster,Cai,distancia,tiempo,CriminalidadLocalidad
98,0.0,Cai Villas De Granada ,2.5 km,7,7.220870423971701
104,0.0,Cai Jaboque ,2.0 km,7,7.220870423971701
218,1.0,Estación Bosa ,1.3 km,5,6.590791712152753
221,1.0,Cai Piamonte ,1.0 km,4,6.590791712152753
223,1.0,Cai Laureles ,1.3 km,4,6.590791712152753
236,1.0,Estación  ,1.8 km,8,6.590791712152753
240,1.0,Cai Antonia Santos ,0.8 km,3,6.590791712152753
427,3.0,Cai Versalles ,1.4 km,5,2.9593243387289996
428,3.0,Cai Santander ,1.9 km,8,2.9593243387289996
652,211.0,Estación Antonio Nariño ,0.3 km,2,1.5016567730358827
654,211.0,Cai Villa Mayor ,2.4 km,8,1.5016567730358827
655,211.0,Cai Valvanera ,0.3 km,2,1.5016567730358827
660,211.0,Cai Restrepo ,1.5 km,6,1.5016567730358827
668,211.0,Estación Rafael Uribe ,1.4 km,7,1.5016567730358827
672,211.0,Cai Centenario ,0.5 km,3,1.5016567730358827
680,211.0,Cai Gustavo Restrepo ,0.5 km,3,1.5016567730358827
683,211.0,Cai San Jorge ,0.5 km,3,1.5016567730358827
799,5.0,Cai Aures ,1.7 km,8,10.23806100125259
807,5.0,Cai Rincón ,0.7 km,4,10.23806100125259
954,6.0,Cai Ferias ,1.8 km,7,7.220870423971701
970,6.0,Cai Santa María Del Lago ,2.5 km,7,7.220870423971701
1036,232.0,Cai Navarra ,3.7 km,7,1.1679465651794496
1151,232.0,Cai Siete De Agosto ,1.7 km,8,1.1679465651794496
1152,232.0,Cai Rio Negro ,2.5 km,8,1.1679465651794496
1155,232.0,Cai Modelo ,3.0 km,8,1.1679465651794496
1157,232.0,Estación Barrios Unidos ,1.9 km,6,1.1679465651794496
1158,232.0,Cai Polo Club ,1.1 km,6,1.1679465651794496
1161,232.0,Cai Alcanzares ,1.3 km,5,1.1679465651794496
1286,12.0,Estación Fontibón ,1.4 km,7,2.9593243387289996
1297,12.0,Cai Versalles ,1.3 km,6,2.9593243387289996
1299,12.0,Cai Santander ,1.0 km,5,2.9593243387289996
1440,7.0,Cai Tunal ,2.2 km,7,1.651398178144416
1441,7.0,Cai San Carlos ,0.9 km,3,1.651398178144416
1630,8.0,Cai Delicias ,2.6 km,8,1.651398178144416
1786,9.0,Cai Libertad ,0.4 km,2,6.590791712152753
1790,9.0,Cai Metrovivienda ,2.0 km,6,6.590791712152753
1798,9.0,Cai Brasilia ,1.4 km,5,6.590791712152753
1896,10.0,Cai Toberin ,0.6 km,3,4.601013191631184
1897,10.0,Cai Verbenal ,2.7 km,7,4.601013191631184
2008,10.0,Cai Villa Del Prado ,2.0 km,6,4.601013191631184
2094,212.0,Cai San Victorino ,1.2 km,7,4.942820703104401
2204,212.0,Estación Mártires ,0.8 km,4,4.942820703104401
2210,212.0,Cai Paloquemao ,1.3 km,6,4.942820703104401
2213,212.0,Cai Ricaurte ,1.4 km,8,4.942820703104401
2217,212.0,Cai Santa Isabel  ,1.4 km,8,4.942820703104401
2353,54.0,Cai Colina Campestre ,0.7 km,4,10.23806100125259
2473,11.0,Cai Villa Del Rio ,2.1 km,6,15.525693658555944
2485,11.0,Cai Britalia ,2.1 km,8,15.525693658555944
2486,11.0,Cai Oneida ,2.1 km,7,15.525693658555944
2493,11.0,Estación Kennedy ,0.9 km,5,15.525693658555944
2497,11.0,Cai Timiza ,1.4 km,5,15.525693658555944
2503,11.0,Cai Socorro ,1.5 km,7,15.525693658555944
2711,233.0,Estación Barrios Unidos ,2.5 km,7,1.1679465651794496
2712,233.0,Cai Polo Club ,2.1 km,8,1.1679465651794496
2713,233.0,Cai Modelo ,1.8 km,7,1.1679465651794496
2714,233.0,Cai Siete De Agosto ,1.2 km,5,1.1679465651794496
2715,233.0,Cai Alcanzares ,1.0 km,4,1.1679465651794496
2879,213.0,Estación Teusaquillo ,1.7 km,7,2.878816391520804
2895,213.0,Cai Soledad ,0.5 km,2,2.878816391520804
2898,213.0,Cai Teusaquillo ,1.2 km,5,2.878816391520804
2899,213.0,Cai Samper Mendoza ,1.7 km,7,2.878816391520804
2904,213.0,Cai Galerias ,1.8 km,8,2.878816391520804
2958,13.0,Cai Las Cruces ,2.8 km,8,2.4853124012353445
2970,13.0,Estación San Cristóbal ,1.4 km,5,2.4853124012353445
2971,13.0,Cai Guacamayas ,2.5 km,8,2.4853124012353445
2973,13.0,Cai Bello Horizonte ,1.9 km,6,2.4853124012353445
2974,13.0,Cai Veinte De Julio ,0.4 km,1,2.4853124012353445
2977,13.0,Cai Distrital ,2.6 km,8,2.4853124012353445
3078,13.0,Cai Ciudad Berna ,2.1 km,8,2.4853124012353445
3394,84.0,Cai Colina Campestre ,0.8 km,2,10.23806100125259
3400,84.0,Cai Tierra Linda ,1.6 km,5,10.23806100125259
3403,84.0,Cai La Alhambra ,3.3 km,8,10.23806100125259
3524,51.0,Cai Caldas ,1.0 km,4,15.525693658555944
3526,51.0,Cai Oneida ,3.9 km,8,15.525693658555944
3529,51.0,Cai Patio Bonito ,2.3 km,8,15.525693658555944
3530,51.0,Cai Castilla ,1.6 km,7,15.525693658555944
3533,51.0,Cai Techo ,1.8 km,6,15.525693658555944
3535,51.0,Cai Marsella ,3.8 km,8,15.525693658555944
3544,51.0,Cai Tintal ,1.7 km,6,15.525693658555944
3740,15.0,Cai Aures ,1.9 km,8,10.23806100125259
3741,15.0,Cai Gaitana ,0.5 km,3,10.23806100125259
3855,16.0,Cai Villa Del Rio ,0.7 km,4,6.590791712152753
3867,16.0,Estación Kennedy ,2.7 km,8,6.590791712152753
3881,16.0,Cai Socorro ,2.2 km,7,6.590791712152753
3884,16.0,Cai Timiza ,1.3 km,3,6.590791712152753
4001,224.0,Cai Telecom ,2.5 km,8,2.878816391520804
4100,224.0,Estación Teusaquillo ,0.7 km,3,2.878816391520804
4107,224.0,Cai Samper Mendoza ,2.1 km,7,2.878816391520804
4108,224.0,Cai Teusaquillo ,1.6 km,6,2.878816391520804
4116,224.0,Cai Galerias ,1.8 km,8,2.878816391520804
4117,224.0,Cai Soledad ,0.7 km,3,2.878816391520804
4285,123.0,Cai Ricaurte ,2.8 km,8,7.945104748270014
4290,123.0,Cai Galan ,3.1 km,8,7.945104748270014
4291,123.0,Cai Gorgonzola ,2.7 km,7,7.945104748270014
4295,123.0,Cai Tejar ,3.3 km,7,7.945104748270014
4297,123.0,Cai Santa Matilde ,0.5 km,2,7.945104748270014
4300,123.0,Estación Antonio Nariño ,2.2 km,8,7.945104748270014
4301,123.0,Cai Valvanera ,1.8 km,6,7.945104748270014
4302,123.0,Cai Santa Isabel  ,2.8 km,8,7.945104748270014
4480,23.0,Estación Ciudad Bolívar ,0.9 km,4,4.557375710240918
4482,23.0,Cai La Candelaria ,2.1 km,7,4.557375710240918
4494,23.0,Cai Perdomo ,2.2 km,8,4.557375710240918
4495,17.0,Cai Contador ,1.3 km,4,10.23806100125259
4504,23.0,Cai Arborizadora Alta ,1.0 km,5,4.557375710240918
4604,17.0,Cai Colina Campestre ,1.9 km,6,10.23806100125259
4612,17.0,Cai Tierra Linda ,1.2 km,5,10.23806100125259
4726,18.0,Cai Villa Del Rio ,2.3 km,7,4.557375710240918
4825,18.0,Estación Ciudad Bolívar ,2.0 km,8,4.557375710240918
4834,18.0,Cai Perdomo ,0.5 km,2,4.557375710240918
4892,99.0,Estación Bosa ,1.8 km,8,6.590791712152753
4898,99.0,Cai Piamonte ,1.6 km,6,6.590791712152753
4900,99.0,Cai Laureles ,1.8 km,7,6.590791712152753
4901,99.0,Cai Libertad ,2.1 km,7,6.590791712152753
4910,99.0,Cai Antonia Santos ,0.2 km,1,6.590791712152753
5070,19.0,Cai Villa Del Rio ,2.4 km,7,4.557375710240918
5183,19.0,Cai Perdomo ,1.4 km,5,4.557375710240918
5332,20.0,Cai Galan ,0.5 km,3,7.945104748270014
5334,20.0,Cai Gorgonzola ,1.1 km,5,7.945104748270014
5361,21.0,Cai Navarra ,2.2 km,5,10.23806100125259
5472,21.0,Cai La Alhambra ,1.6 km,5,10.23806100125259
5488,21.0,Cai Polo Club ,2.5 km,7,10.23806100125259
5603,22.0,Estación Kennedy ,1.7 km,7,15.525693658555944
5606,22.0,Cai Britalia ,1.3 km,5,15.525693658555944
5617,22.0,Cai Bellavista ,1.9 km,8,15.525693658555944
5908,204.0,Cai Bello Horizonte ,1.2 km,3,2.4853124012353445
5911,204.0,Cai Veinte De Julio ,1.5 km,6,2.4853124012353445
5913,204.0,Cai Guacamayas ,1.6 km,6,2.4853124012353445
6040,204.0,Cai Lomas ,2.1 km,7,2.4853124012353445
6074,26.0,Estación Santa Fé ,0.7 km,3,1.345705659716142
6075,26.0,Cai Telecom ,2.9 km,8,1.345705659716142
6077,26.0,Cai Colseguros ,1.6 km,8,1.345705659716142
6078,26.0,Cai Torres Blancas ,2.2 km,7,1.345705659716142
6080,26.0,Cai Monserrate ,2.6 km,6,1.345705659716142
6091,26.0,Cai San Diego ,1.9 km,6,1.345705659716142
6200,26.0,Cai Rosario ,1.2 km,7,1.345705659716142
6252,216.0,Cai Colseguros ,1.3 km,6,1.345705659716142
6254,216.0,Cai Las Cruces ,1.6 km,8,1.345705659716142
6272,216.0,Cai Usme ,1.3 km,6,1.345705659716142
6369,216.0,Cai Bolivia ,0.9 km,4,1.345705659716142
6374,216.0,Estación Candelaria ,1.4 km,6,1.345705659716142
6410,241.0,Cai Lourdes ,1.8 km,8,2.878816391520804
6518,241.0,Cai Federman ,1.5 km,6,2.878816391520804
6521,241.0,Cai San Luis ,0.6 km,3,2.878816391520804
6526,241.0,Cai Soledad ,1.8 km,8,2.878816391520804
6529,241.0,Cai Galerias ,1.0 km,6,2.878816391520804
6692,24.0,Cai Galerias ,2.6 km,8,2.878816391520804
6693,24.0,Cai Esmeralda ,0.5 km,3,2.878816391520804
6812,25.0,Cai Oneida ,2.6 km,8,15.525693658555944
6816,25.0,Cai Delicias ,1.1 km,5,15.525693658555944
6819,25.0,Cai Villa Claudia ,0.9 km,4,15.525693658555944
6931,214.0,Cai Las Cruces ,0.7 km,5,5.107584220989939
6949,214.0,Cai Colseguros ,2.2 km,8,5.107584220989939
6950,214.0,Cai Guavio ,2.3 km,8,5.107584220989939
6953,214.0,Cai Distrital ,1.1 km,6,5.107584220989939
6961,214.0,Cai Usme ,1.9 km,6,5.107584220989939
7058,214.0,Cai Ciudad Berna ,1.9 km,6,5.107584220989939
7063,214.0,Cai Restrepo ,2.3 km,8,5.107584220989939
7066,214.0,Estación Candelaria ,1.7 km,6,5.107584220989939
7071,214.0,Cai Bolivia ,1.8 km,7,5.107584220989939
7214,27.0,Estación Mártires ,2.5 km,7,7.945104748270014
7218,27.0,Cai Samper Mendoza ,3.7 km,8,7.945104748270014
7230,27.0,Cai Santa Isabel  ,2.3 km,6,7.945104748270014
7234,27.0,Estación Puente Aranda ,1.9 km,8,7.945104748270014
7235,27.0,Cai Paloquemao ,2.1 km,7,7.945104748270014
7242,27.0,Cai Ricaurte ,2.3 km,6,7.945104748270014
7293,28.0,Cai Bello Horizonte ,1.5 km,6,2.4853124012353445
7298,28.0,Cai La Victoria ,0.9 km,4,2.4853124012353445
7299,28.0,Cai Guacamayas ,1.0 km,5,2.4853124012353445
7411,28.0,Cai Dianaturbay ,2.3 km,8,2.4853124012353445
7559,29.0,Cai Fontanar ,1.4 km,7,10.23806100125259
7651,85.0,Estación Usme ,2.2 km,8,1.563767675016456
7655,85.0,Cai Nuevo Porvenir ,0.6 km,2,1.563767675016456
7657,85.0,Cai Antonio José De Sucre ,2.3 km,8,1.563767675016456
7863,187.0,Cai Macarena ,1.7 km,6,2.9593243387289996
8083,30.0,Cai Rio Negro ,2.4 km,7,1.1679465651794496
8380,86.0,Cai Modelia ,2.6 km,7,7.220870423971701
8395,86.0,Cai Normandia ,1.3 km,6,7.220870423971701
8402,86.0,Cai Villa Luz ,1.6 km,7,7.220870423971701
8597,234.0,Cai Galerias ,0.4 km,2,2.878816391520804
8604,234.0,Cai Federman ,1.6 km,6,2.878816391520804
8608,234.0,Cai Soledad ,1.7 km,7,2.878816391520804
8609,234.0,Cai San Luis ,1.0 km,5,2.878816391520804
8610,234.0,Cai Siete De Agosto ,2.9 km,7,2.878816391520804
8789,32.0,Cai Gorgonzola ,0.5 km,2,7.945104748270014
8790,32.0,Cai Galan ,1.3 km,3,7.945104748270014
8801,32.0,Cai Tejar ,3.2 km,7,7.945104748270014
9066,73.0,Cai Metrovivienda ,2.7 km,8,6.590791712152753
9258,34.0,Cai Florida ,0.2 km,1,7.220870423971701
9259,34.0,Estación Engativá ,1.6 km,7,7.220870423971701
9260,34.0,Cai Alamos ,1.9 km,6,7.220870423971701
9279,34.0,Cai Villa Luz ,1.9 km,7,7.220870423971701
9464,35.0,Cai La Alhambra ,1.4 km,6,10.23806100125259
9549,36.0,Cai Guacamayas ,2.2 km,8,2.4853124012353445
9551,36.0,Cai Altamira ,1.7 km,5,2.4853124012353445
9552,36.0,Cai Los Libertadores ,2.1 km,7,2.4853124012353445
9554,36.0,Cai La Victoria ,1.7 km,6,2.4853124012353445
9557,36.0,Cai Bello Horizonte ,2.5 km,8,2.4853124012353445
9699,215.0,Estación Santa Fé ,2.9 km,8,4.942820703104401
9700,215.0,Cai San Victorino ,2.4 km,8,4.942820703104401
9702,215.0,Cai San Diego ,1.4 km,4,4.942820703104401
9714,215.0,Cai Telecom ,1.4 km,4,4.942820703104401
9717,215.0,Cai Torres Blancas ,2.0 km,4,4.942820703104401
9814,215.0,Cai Soledad ,1.7 km,7,4.942820703104401
9820,215.0,Cai Samper Mendoza ,1.3 km,5,4.942820703104401
9825,215.0,Cai Teusaquillo ,1.0 km,4,4.942820703104401
9901,37.0,Cai Santa Martha ,0.5 km,4,1.563767675016456
9914,37.0,Cai Danubio Azul ,0.7 km,3,1.563767675016456
10010,37.0,Cai Dianaturbay ,1.7 km,7,1.563767675016456
10015,37.0,Cai Palermo Sur ,0.9 km,4,1.563767675016456
10072,38.0,Cai La Aurora ,4.5 km,8,4.557375710240918
10196,38.0,Cai Lucero ,1.4 km,6,4.557375710240918
10199,38.0,Cai Vista Hermosa ,1.7 km,6,4.557375710240918
10211,38.0,Cai La Joya ,1.5 km,7,4.557375710240918
10325,244.0,Cai Siete De Agosto ,2.8 km,7,2.878816391520804
10331,244.0,Cai San Luis ,1.1 km,5,2.878816391520804
10332,244.0,Cai Galerias ,0.3 km,2,2.878816391520804
10335,244.0,Cai Soledad ,1.7 km,7,2.878816391520804
10340,244.0,Cai Federman ,1.6 km,6,2.878816391520804
10468,46.0,Cai Bachue ,1.8 km,7,7.220870423971701
10476,46.0,Cai Quirigua ,2.0 km,8,7.220870423971701
10478,46.0,Cai Serena ,2.3 km,6,7.220870423971701
10480,46.0,Cai Florida ,2.6 km,8,7.220870423971701
10482,46.0,Cai Santa María Del Lago ,2.3 km,6,7.220870423971701
10594,39.0,Cai La Aurora ,0.6 km,2,1.563767675016456
10600,39.0,Cai Santa Librada ,1.2 km,4,1.563767675016456
10861,40.0,Cai La Alquería ,2.9 km,8,7.945104748270014
10866,40.0,Cai Galan ,2.9 km,7,7.945104748270014
10872,40.0,Cai Tejar ,1.6 km,4,7.945104748270014
10875,40.0,Cai Gorgonzola ,2.5 km,6,7.945104748270014
10879,40.0,Cai Santa Matilde ,1.9 km,7,7.945104748270014
11024,41.0,Cai Ricaurte ,2.7 km,8,7.945104748270014
11031,41.0,Cai Santa Isabel  ,2.7 km,8,7.945104748270014
11032,41.0,Estación Puente Aranda ,0.9 km,4,7.945104748270014
11040,41.0,Cai Galan ,1.9 km,4,7.945104748270014
11041,41.0,Cai Gorgonzola ,1.5 km,3,7.945104748270014
11042,41.0,Cai Tejar ,3.8 km,8,7.945104748270014
11132,42.0,Estación Kennedy ,2.2 km,8,15.525693658555944
11138,42.0,Cai Caldas ,0.2 km,2,15.525693658555944
11145,42.0,Cai Techo ,1.7 km,7,15.525693658555944
11162,42.0,Cai Tintal ,2.0 km,8,15.525693658555944
11242,236.0,Cai Chile ,1.0 km,5,13.811828262289291
11251,236.0,Cai Lourdes ,0.7 km,4,13.811828262289291
11254,236.0,Cai Chapinero ,1.1 km,5,13.811828262289291
11459,43.0,Cai La Aurora ,2.1 km,5,1.563767675016456
11460,43.0,Estación Usme ,1.2 km,6,1.563767675016456
11461,43.0,Cai Santa Librada ,1.2 km,5,1.563767675016456
11600,167.0,Cai Girardot ,1.5 km,6,2.4853124012353445
11607,167.0,Cai Las Cruces ,0.4 km,1,2.4853124012353445
11616,167.0,Cai Guavio ,1.6 km,7,2.4853124012353445
11627,167.0,Cai Distrital ,0.5 km,2,2.4853124012353445
11628,167.0,Cai Usme ,1.2 km,6,2.4853124012353445
11728,167.0,Cai Ciudad Berna ,2.4 km,8,2.4853124012353445
11743,167.0,Estación Candelaria ,1.0 km,6,2.4853124012353445
11745,167.0,Cai Bolivia ,1.5 km,8,2.4853124012353445
11927,44.0,Cai La Candelaria ,1.2 km,5,4.557375710240918
11938,242.0,Cai Chile ,0.5 km,3,13.811828262289291
11950,242.0,Cai Chapinero ,0.7 km,4,13.811828262289291
11953,242.0,Cai Granada ,1.6 km,8,13.811828262289291
11956,242.0,Cai Lourdes ,0.9 km,5,13.811828262289291
11958,242.0,Cai Oxy ,1.6 km,8,13.811828262289291
12155,64.0,Cai Tunal ,3.0 km,6,1.651398178144416
12163,64.0,Cai Venecia ,1.6 km,7,1.651398178144416
12187,64.0,Cai Delicias ,1.5 km,5,1.651398178144416
12188,64.0,Cai Villa Claudia ,3.1 km,8,1.651398178144416
12290,235.0,Cai Chile ,1.0 km,5,13.811828262289291
12301,235.0,Cai Granada ,1.7 km,8,13.811828262289291
12305,235.0,Cai Chapinero ,1.2 km,5,13.811828262289291
12309,235.0,Cai Lourdes ,0.7 km,3,13.811828262289291
12460,239.0,Cai Chile ,0.4 km,2,13.811828262289291
12468,239.0,Cai Chapinero ,0.5 km,3,13.811828262289291
12469,239.0,Cai Rosales ,1.7 km,8,13.811828262289291
12472,239.0,Cai Oxy ,1.5 km,7,13.811828262289291
12474,239.0,Cai Lourdes ,1.1 km,6,13.811828262289291
12476,239.0,Cai Granada ,1.7 km,8,13.811828262289291
12664,47.0,Cai Guacamayas ,2.7 km,8,3.9049283849637786
12667,47.0,Cai Danubio Azul ,1.7 km,7,3.9049283849637786
12668,47.0,Cai La Victoria ,2.2 km,8,3.9049283849637786
12774,47.0,Cai Dianaturbay ,0.6 km,3,3.9049283849637786
12779,47.0,Cai Los Molinos ,1.9 km,6,3.9049283849637786
12795,47.0,Cai Palermo Sur ,1.1 km,5,3.9049283849637786
12878,141.0,Cai Macarena ,3.0 km,8,2.9593243387289996
12885,141.0,Cai Versalles ,2.0 km,8,2.9593243387289996
13002,101.0,Cai La Victoria ,1.7 km,6,2.4853124012353445
13004,101.0,Cai Bello Horizonte ,0.8 km,3,2.4853124012353445
13005,101.0,Cai Guacamayas ,0.5 km,2,2.4853124012353445
13125,101.0,Cai Dianaturbay ,2.0 km,6,2.4853124012353445
13164,91.0,Cai Telecom ,3.1 km,7,2.878816391520804
13166,91.0,Cai Torres Blancas ,3.6 km,7,2.878816391520804
13176,91.0,Cai San Diego ,3.1 km,6,2.878816391520804
13272,91.0,Cai Soledad ,2.7 km,8,2.878816391520804
13275,91.0,Cai Teusaquillo ,2.6 km,8,2.878816391520804
13281,91.0,Cai Samper Mendoza ,2.1 km,4,2.878816391520804
13317,48.0,Cai Lisboa ,1.8 km,5,4.601013191631184
13320,48.0,Cai Unicentro ,2.3 km,8,4.601013191631184
13329,48.0,Cai Santa Barbara ,1.7 km,5,4.601013191631184
13618,125.0,Cai Federman ,3.3 km,8,2.878816391520804
13620,125.0,Cai Esmeralda ,2.6 km,8,2.878816391520804
13621,125.0,Cai Galerias ,3.8 km,8,2.878816391520804
13627,125.0,Cai Samper Mendoza ,3.6 km,8,2.878816391520804
13672,114.0,Cai Chile ,1.4 km,6,13.811828262289291
13678,114.0,Cai El Virrey ,1.9 km,8,13.811828262289291
13680,114.0,Cai Rosales ,1.6 km,6,13.811828262289291
13685,114.0,Cai Chapinero ,1.8 km,8,13.811828262289291
13686,114.0,Cai Oxy ,1.0 km,5,13.811828262289291
13909,135.0,Cai Caldas ,1.9 km,7,15.525693658555944
13925,135.0,Cai Castilla ,0.4 km,2,15.525693658555944
14032,89.0,Cai Veinte De Julio ,2.0 km,7,1.5016567730358827
14040,89.0,Cai Las Cruces ,1.4 km,7,1.5016567730358827
14050,89.0,Cai Distrital ,0.7 km,4,1.5016567730358827
14150,89.0,Cai Restrepo ,1.4 km,6,1.5016567730358827
14152,89.0,Cai Ciudad Berna ,0.8 km,3,1.5016567730358827
14219,146.0,Cai Bello Horizonte ,1.5 km,4,2.4853124012353445
14221,146.0,Cai Guacamayas ,1.8 km,6,2.4853124012353445
14224,146.0,Cai Veinte De Julio ,1.7 km,6,2.4853124012353445
14344,146.0,Cai Lomas ,1.8 km,6,2.4853124012353445
14364,240.0,Estación Chapinero ,2.3 km,8,2.878816391520804
14477,240.0,Cai Galerias ,1.4 km,8,2.878816391520804
14483,240.0,Estación Teusaquillo ,1.8 km,8,2.878816391520804
14687,196.0,Estación Ciudad Bolívar ,2.8 km,8,4.557375710240918
14704,196.0,Cai Santo Domingo ,0.8 km,3,4.557375710240918
14841,49.0,Cai Samper Mendoza ,2.7 km,7,7.945104748270014
15023,50.0,Cai Los Molinos ,0.6 km,3,3.9049283849637786
15033,50.0,Cai Dianaturbay ,2.6 km,8,3.9049283849637786
15042,50.0,Cai Palermo Sur ,2.6 km,8,3.9049283849637786
15055,52.0,Cai Codito ,2.1 km,7,4.601013191631184
15058,52.0,Cai Verbenal ,2.3 km,8,4.601013191631184
15277,53.0,Cai Villa Del Rio ,2.9 km,6,15.525693658555944
15288,53.0,Cai Socorro ,2.4 km,8,15.525693658555944
15295,53.0,Cai Delicias ,1.8 km,6,15.525693658555944
15303,53.0,Cai Timiza ,0.8 km,2,15.525693658555944
15508,55.0,Cai Villa Del Prado ,1.1 km,6,10.23806100125259
15737,165.0,Cai Perdomo ,2.5 km,8,4.557375710240918
15739,165.0,Cai Santo Domingo ,0.7 km,3,4.557375710240918
15816,56.0,Cai Granjas ,1.2 km,5,2.9593243387289996
15820,56.0,Cai Modelia ,3.5 km,8,2.9593243387289996
15881,56.0,Cai Puente Aranda ,2.0 km,8,2.9593243387289996
15938,180.0,Estación San Cristóbal ,2.2 km,7,3.9049283849637786
15942,180.0,Cai Veinte De Julio ,1.3 km,5,3.9049283849637786
15945,180.0,Cai Distrital ,2.7 km,8,3.9049283849637786
16046,180.0,Cai Restrepo ,1.5 km,7,3.9049283849637786
16048,180.0,Cai Valvanera ,1.7 km,7,3.9049283849637786
16053,180.0,Estación Antonio Nariño ,1.4 km,5,3.9049283849637786
16057,180.0,Cai Ciudad Berna ,1.3 km,5,3.9049283849637786
16061,180.0,Cai Centenario ,1.7 km,8,3.9049283849637786
16069,180.0,Estación Rafael Uribe ,2.0 km,8,3.9049283849637786
16077,180.0,Cai San Jorge ,1.7 km,8,3.9049283849637786
16082,180.0,Cai Gustavo Restrepo ,1.7 km,8,3.9049283849637786
16185,57.0,Cai Engativá ,2.0 km,7,7.220870423971701
16196,57.0,Cai Villas De Granada ,1.8 km,7,7.220870423971701
16202,57.0,Cai Jaboque ,0.6 km,3,7.220870423971701
16261,252.0,Cai Chile ,2.0 km,8,2.878816391520804
16264,252.0,Cai Lourdes ,0.6 km,3,2.878816391520804
16266,252.0,Cai Granada ,1.6 km,8,2.878816391520804
16276,252.0,Cai Chapinero ,2.1 km,8,2.878816391520804
16382,252.0,Cai Siete De Agosto ,2.3 km,8,2.878816391520804
16385,252.0,Cai San Luis ,1.0 km,5,2.878816391520804
16423,200.0,Cai Navarra ,3.0 km,5,1.1679465651794496
16454,200.0,Cai Estadero ,2.7 km,8,1.1679465651794496
16548,200.0,Cai Alcanzares ,1.8 km,7,1.1679465651794496
16550,200.0,Cai Polo Club ,0.3 km,2,1.1679465651794496
16552,200.0,Cai Rio Negro ,2.8 km,8,1.1679465651794496
16682,58.0,Cai Castilla ,0.8 km,3,15.525693658555944
16893,59.0,Cai Villa Del Prado ,0.9 km,5,10.23806100125259
16899,59.0,Cai San José De Bavaria ,1.9 km,7,10.23806100125259
16960,238.0,Cai Lourdes ,1.1 km,5,2.878816391520804
17074,238.0,Estación Teusaquillo ,2.5 km,8,2.878816391520804
17097,238.0,Cai San Luis ,1.2 km,4,2.878816391520804
17244,217.0,Cai Soledad ,0.8 km,4,2.878816391520804
17246,217.0,Cai Galerias ,1.4 km,7,2.878816391520804
17251,217.0,Cai Teusaquillo ,1.5 km,6,2.878816391520804
17254,217.0,Estación Teusaquillo ,1.0 km,4,2.878816391520804
17266,217.0,Cai Samper Mendoza ,2.0 km,8,2.878816391520804
17303,253.0,Cai Lourdes ,0.4 km,2,13.811828262289291
17310,253.0,Cai Granada ,1.4 km,7,13.811828262289291
17314,253.0,Cai Chile ,1.7 km,7,13.811828262289291
17316,253.0,Cai Chapinero ,1.8 km,8,13.811828262289291
17433,253.0,Cai San Luis ,1.8 km,8,13.811828262289291
17464,60.0,Estación Usaquén  ,0.6 km,3,4.601013191631184
17467,60.0,Cai Villa Nidia ,0.8 km,4,4.601013191631184
17476,60.0,Cai Toberin ,1.5 km,7,4.601013191631184
17584,60.0,Cai Mazuren ,2.3 km,7,4.601013191631184
17722,65.0,Cai Delicias ,1.5 km,6,15.525693658555944
17729,65.0,Cai Villa Claudia ,0.9 km,4,15.525693658555944
17788,65.0,Cai Tejar ,2.6 km,8,15.525693658555944
17859,61.0,Cai Danubio Azul ,1.3 km,6,3.9049283849637786
17861,61.0,Cai Santa Martha ,1.2 km,7,3.9049283849637786
17963,61.0,Cai Dianaturbay ,1.3 km,6,3.9049283849637786
17972,61.0,Cai Los Molinos ,2.0 km,7,3.9049283849637786
17980,61.0,Cai Palermo Sur ,0.6 km,3,3.9049283849637786
18110,139.0,Cai Siete De Agosto ,3.0 km,5,2.878816391520804
18112,139.0,Cai Galerias ,1.3 km,4,2.878816391520804
18123,139.0,Cai Federman ,2.4 km,5,2.878816391520804
18131,139.0,Cai San Luis ,2.5 km,7,2.878816391520804
18132,139.0,Cai Samper Mendoza ,3.0 km,7,2.878816391520804
18133,139.0,Cai Soledad ,1.4 km,6,2.878816391520804
18256,66.0,Cai Santa María Del Lago ,1.9 km,7,7.220870423971701
18262,66.0,Cai Serena ,1.7 km,5,7.220870423971701
18489,193.0,Cai Dianaturbay ,2.0 km,8,3.9049283849637786
18493,193.0,Cai Lomas ,2.1 km,8,3.9049283849637786
18497,193.0,Cai Los Molinos ,0.2 km,1,3.9049283849637786
18672,183.0,Estación Ciudad Bolívar ,0.8 km,3,4.557375710240918
18677,183.0,Cai Perdomo ,2.3 km,8,4.557375710240918
18678,183.0,Cai La Candelaria ,1.1 km,3,4.557375710240918
18681,183.0,Cai Arborizadora Alta ,0.9 km,3,4.557375710240918
18682,183.0,Cai San Francisco ,2.0 km,6,4.557375710240918
18734,62.0,Cai Villa Del Rio ,1.8 km,5,15.525693658555944
18759,62.0,Cai Timiza ,3.2 km,7,15.525693658555944
18899,63.0,Cai Antonio José De Sucre ,3.5 km,8,1.563767675016456
18901,63.0,Cai Nuevo Porvenir ,0.8 km,3,1.563767675016456
19137,67.0,Cai Villas De Granada ,0.3 km,1,7.220870423971701
19140,67.0,Cai Jaboque ,2.1 km,8,7.220870423971701
19271,68.0,Cai Plaza De Las Américas ,1.6 km,7,15.525693658555944
19276,68.0,Cai Oneida ,2.3 km,7,15.525693658555944
19285,68.0,Cai Villa Claudia ,2.6 km,7,15.525693658555944
19444,69.0,Cai Tintal ,1.2 km,5,15.525693658555944
19447,69.0,Cai Castilla ,1.1 km,4,15.525693658555944
19556,144.0,Estación Santa Fé ,2.3 km,8,5.107584220989939
19563,144.0,Cai Telecom ,2.4 km,6,5.107584220989939
19567,144.0,Cai Torres Blancas ,1.4 km,4,5.107584220989939
19572,144.0,Cai San Diego ,1.3 km,4,5.107584220989939
19680,144.0,Cai Teusaquillo ,1.9 km,8,5.107584220989939
19690,144.0,Cai Samper Mendoza ,3.2 km,8,5.107584220989939
19715,156.0,Cai Navarra ,1.1 km,5,4.601013191631184
20001,237.0,Cai Modelo ,3.6 km,7,1.1679465651794496
20011,237.0,Cai Galerias ,3.3 km,8,1.1679465651794496
20014,237.0,Cai Alcanzares ,3.3 km,8,1.1679465651794496
20023,237.0,Cai Siete De Agosto ,1.3 km,4,1.1679465651794496
20024,237.0,Cai Federman ,2.1 km,6,1.1679465651794496
20030,237.0,Cai San Luis ,1.6 km,8,1.1679465651794496
20206,94.0,Cai Puente Aranda ,1.0 km,4,7.945104748270014
20287,70.0,Cai San Carlos ,2.6 km,8,4.557375710240918
20403,70.0,Cai Compartir ,2.1 km,8,4.557375710240918
20405,70.0,Cai Arborizadora Alta ,2.7 km,8,4.557375710240918
20408,70.0,Cai La Candelaria ,0.6 km,3,4.557375710240918
20409,70.0,Cai San Francisco ,1.3 km,4,4.557375710240918
20455,71.0,Cai La Aurora ,3.6 km,6,4.557375710240918
20574,71.0,Cai La Joya ,1.5 km,7,4.557375710240918
20701,153.0,Cai Rio Negro ,1.7 km,5,1.1679465651794496
20702,153.0,Cai Polo Club ,2.2 km,8,1.1679465651794496
20703,153.0,Cai Modelo ,3.0 km,7,1.1679465651794496
20709,153.0,Cai Alcanzares ,2.7 km,8,1.1679465651794496
20711,153.0,Estación Barrios Unidos ,2.7 km,7,1.1679465651794496
20844,72.0,Cai Modelia ,0.3 km,1,2.9593243387289996
20852,72.0,Cai Normandia ,2.5 km,8,2.9593243387289996
20854,72.0,Cai Ciudad Salitre ,2.7 km,8,2.9593243387289996
21017,138.0,Cai Versalles ,0.6 km,3,2.9593243387289996
21020,138.0,Cai Santander ,1.8 km,8,2.9593243387289996
21188,75.0,Cai Modelia ,3.6 km,8,2.9593243387289996
21384,118.0,Estación Suba ,2.0 km,8,10.23806100125259
21534,132.0,Cai Versalles ,0.1 km,1,2.9593243387289996
21626,78.0,Cai Verbenal ,0.6 km,4,4.601013191631184
21956,111.0,Cai Lucero ,1.8 km,7,4.557375710240918
21958,111.0,Cai Compartir ,1.8 km,7,4.557375710240918
21959,111.0,Cai Vista Hermosa ,0.5 km,2,4.557375710240918
21966,111.0,Cai La Joya ,1.5 km,6,4.557375710240918
22036,92.0,Cai Castilla ,1.7 km,6,15.525693658555944
22052,92.0,Cai Hayuelos ,2.6 km,8,15.525693658555944
22053,92.0,Cai Tintal ,2.9 km,8,15.525693658555944
22218,137.0,Cai Castilla ,2.1 km,7,2.9593243387289996
22448,74.0,Estación Antonio Nariño ,2.5 km,8,3.9049283849637786
22472,74.0,Cai San Jorge ,1.9 km,6,3.9049283849637786
22474,74.0,Cai Centenario ,1.9 km,6,3.9049283849637786
22478,74.0,Cai Claret ,2.1 km,6,3.9049283849637786
22481,74.0,Cai Gustavo Restrepo ,1.9 km,6,3.9049283849637786
22483,74.0,Estación Rafael Uribe ,1.9 km,6,3.9049283849637786
22532,76.0,Estación Tunjuelito ,2.2 km,7,7.945104748270014
22565,76.0,Cai Delicias ,3.0 km,7,7.945104748270014
22631,76.0,Cai Tejar ,2.1 km,6,7.945104748270014
22632,76.0,Cai Claret ,2.3 km,8,7.945104748270014
22638,76.0,Cai La Alquería ,1.9 km,5,7.945104748270014
22639,76.0,Cai Villa Mayor ,1.9 km,7,7.945104748270014
22895,79.0,Cai Plaza De Las Américas ,2.1 km,8,15.525693658555944
22899,79.0,Cai Oneida ,0.8 km,4,15.525693658555944
22905,79.0,Cai Delicias ,3.1 km,8,15.525693658555944
22907,79.0,Cai Villa Claudia ,2.9 km,8,15.525693658555944
22911,79.0,Cai Techo ,0.9 km,4,15.525693658555944
22914,79.0,Cai Marsella ,2.8 km,8,15.525693658555944
23012,80.0,Cai Santa Barbara ,2.1 km,7,4.601013191631184
23017,80.0,Cai Lisboa ,3.3 km,8,4.601013191631184
23280,81.0,Cai Florida ,1.8 km,8,7.220870423971701
23281,81.0,Cai Serena ,1.7 km,5,7.220870423971701
23282,81.0,Cai Santa María Del Lago ,1.5 km,5,7.220870423971701
23512,82.0,Estación Ciudad Bolívar ,0.3 km,1,4.557375710240918
23514,82.0,Cai La Candelaria ,1.6 km,6,4.557375710240918
23515,82.0,Cai San Francisco ,2.5 km,8,4.557375710240918
23526,82.0,Cai Arborizadora Alta ,1.5 km,5,4.557375710240918
23527,82.0,Cai Perdomo ,1.8 km,6,4.557375710240918
23606,83.0,Cai Marsella ,2.9 km,8,15.525693658555944
23675,83.0,Cai Gorgonzola ,3.7 km,8,15.525693658555944
23741,87.0,Cai Yomasa ,0.6 km,2,1.563767675016456
23745,87.0,Cai Juan Rey ,0.3 km,1,1.563767675016456
23749,87.0,Cai Los Libertadores ,2.5 km,8,1.563767675016456
23879,88.0,Cai Verbenal ,3.5 km,8,10.23806100125259
23990,88.0,Cai San José De Bavaria ,2.0 km,7,10.23806100125259
24092,188.0,Cai Tunal ,2.0 km,7,1.651398178144416
24093,188.0,Estación Tunjuelito ,1.5 km,7,1.651398178144416
24096,188.0,Cai Venecia ,1.3 km,5,1.651398178144416
24131,188.0,Cai Delicias ,2.5 km,7,1.651398178144416
24197,188.0,Cai Claret ,2.4 km,8,1.651398178144416
24281,205.0,Cai Oneida ,1.1 km,4,15.525693658555944
24285,205.0,Cai Plaza De Las Américas ,1.7 km,6,15.525693658555944
24293,205.0,Cai Delicias ,3.6 km,8,15.525693658555944
24296,205.0,Cai Techo ,0.7 km,3,15.525693658555944
24307,205.0,Cai Marsella ,2.8 km,6,15.525693658555944
24450,173.0,Cai Oneida ,2.3 km,8,15.525693658555944
24451,173.0,Cai Caldas ,2.9 km,8,15.525693658555944
24457,173.0,Cai Plaza De Las Américas ,1.3 km,6,15.525693658555944
24472,173.0,Cai Marsella ,1.9 km,5,15.525693658555944
24704,220.0,Cai Valvanera ,2.4 km,8,7.945104748270014
24705,220.0,Cai Ricaurte ,2.3 km,7,7.945104748270014
24708,220.0,Cai Santa Isabel  ,2.3 km,7,7.945104748270014
24710,220.0,Cai Santa Matilde ,1.3 km,6,7.945104748270014
24711,220.0,Cai Galan ,2.6 km,7,7.945104748270014
24713,220.0,Cai Gorgonzola ,2.2 km,6,7.945104748270014
24777,90.0,Estación Usme ,2.3 km,7,1.563767675016456
24786,90.0,Cai Antonio José De Sucre ,2.4 km,6,1.563767675016456
24787,90.0,Cai Nuevo Porvenir ,1.9 km,7,1.563767675016456
24930,218.0,Cai Las Cruces ,1.1 km,6,4.942820703104401
24943,218.0,Cai Distrital ,1.7 km,6,4.942820703104401
24949,218.0,Cai Usme ,2.3 km,8,4.942820703104401
25053,218.0,Cai Restrepo ,1.8 km,6,4.942820703104401
25056,218.0,Cai Ciudad Berna ,2.3 km,6,4.942820703104401
25066,218.0,Estación Candelaria ,2.1 km,8,4.942820703104401
25074,218.0,Cai Bolivia ,2.2 km,8,4.942820703104401
25149,106.0,Cai Campo Verde ,1.1 km,5,6.590791712152753
25275,243.0,Cai Lourdes ,1.9 km,7,2.878816391520804
25381,243.0,Cai Galerias ,0.8 km,5,2.878816391520804
25382,243.0,Estación Teusaquillo ,1.9 km,8,2.878816391520804
25387,243.0,Cai San Luis ,1.1 km,5,2.878816391520804
25390,243.0,Cai Soledad ,1.5 km,7,2.878816391520804
25584,93.0,Cai Dianaturbay ,1.8 km,8,3.9049283849637786
25594,93.0,Cai Los Molinos ,1.6 km,6,3.9049283849637786
25727,131.0,Cai Galerias ,2.1 km,6,2.878816391520804
25728,131.0,Cai Siete De Agosto ,3.7 km,7,2.878816391520804
25730,131.0,Cai Soledad ,0.6 km,3,2.878816391520804
25731,131.0,Estación Teusaquillo ,1.3 km,6,2.878816391520804
25732,131.0,Cai Federman ,3.2 km,8,2.878816391520804
25734,131.0,Cai Teusaquillo ,1.3 km,6,2.878816391520804
25740,131.0,Cai Samper Mendoza ,1.8 km,7,2.878816391520804
25772,97.0,Estación Usaquén  ,2.7 km,7,4.601013191631184
25774,97.0,Cai Verbenal ,2.0 km,8,4.601013191631184
25778,97.0,Cai Codito ,3.2 km,8,4.601013191631184
25780,97.0,Cai Villa Nidia ,3.0 km,8,4.601013191631184
25946,190.0,Cai Contador ,0.9 km,4,4.601013191631184
26062,190.0,Cai Tierra Linda ,3.0 km,8,4.601013191631184
26215,185.0,Cai Villa Luz ,2.5 km,8,7.220870423971701
26216,185.0,Cai Normandia ,2.0 km,8,7.220870423971701
26218,185.0,Cai Ferias ,1.8 km,7,7.220870423971701
26247,185.0,Cai Modelo ,3.5 km,8,7.220870423971701
26352,95.0,Cai Villa Del Rio ,2.0 km,6,4.557375710240918
26361,95.0,Cai Timiza ,3.3 km,8,4.557375710240918
26454,95.0,Cai La Candelaria ,2.9 km,8,4.557375710240918
26467,95.0,Cai Perdomo ,1.9 km,8,4.557375710240918
26475,250.0,Cai Chile ,2.0 km,8,1.1679465651794496
26487,250.0,Cai Chapinero ,2.1 km,8,1.1679465651794496
26491,250.0,Cai Lourdes ,1.3 km,6,1.1679465651794496
26588,250.0,Cai Alcanzares ,2.2 km,8,1.1679465651794496
26596,250.0,Cai Siete De Agosto ,2.5 km,8,1.1679465651794496
26605,250.0,Cai San Luis ,1.5 km,7,1.1679465651794496
26652,96.0,Cai Girardot ,1.9 km,6,2.4853124012353445
26662,96.0,Cai Las Cruces ,1.3 km,3,2.4853124012353445
26670,96.0,Estación San Cristóbal ,1.6 km,6,2.4853124012353445
26673,96.0,Cai Veinte De Julio ,1.9 km,7,2.4853124012353445
26674,96.0,Cai Distrital ,1.2 km,4,2.4853124012353445
26687,96.0,Cai Usme ,2.2 km,8,2.4853124012353445
26776,96.0,Cai Restrepo ,1.7 km,7,2.4853124012353445
26781,96.0,Cai Ciudad Berna ,1.4 km,6,2.4853124012353445
26788,96.0,Estación Candelaria ,2.0 km,8,2.4853124012353445
26886,98.0,Cai Marsella ,2.5 km,8,7.945104748270014
26961,98.0,Cai Puente Aranda ,2.1 km,8,7.945104748270014
27120,160.0,Estación Puente Aranda ,1.6 km,7,7.945104748270014
27122,160.0,Cai Samper Mendoza ,3.4 km,8,7.945104748270014
27134,160.0,Cai Gorgonzola ,2.4 km,8,7.945104748270014
27136,160.0,Cai Puente Aranda ,2.3 km,7,7.945104748270014
27396,100.0,Cai Oneida ,4.2 km,8,7.945104748270014
27406,100.0,Cai Villa Claudia ,3.8 km,8,7.945104748270014
27470,100.0,Cai Villa Mayor ,3.2 km,8,7.945104748270014
27474,100.0,Cai Gorgonzola ,2.8 km,6,7.945104748270014
27475,100.0,Cai La Alquería ,3.2 km,8,7.945104748270014
27476,100.0,Cai Galan ,3.2 km,7,7.945104748270014
27477,100.0,Cai Santa Matilde ,1.5 km,5,7.945104748270014
27479,100.0,Cai Tejar ,1.9 km,4,7.945104748270014
27644,174.0,Cai Paloquemao ,2.8 km,8,7.945104748270014
27653,174.0,Estación Puente Aranda ,1.8 km,7,7.945104748270014
27836,102.0,Cai La Joya ,1.5 km,6,4.557375710240918
27837,102.0,Cai Lucero ,1.4 km,7,4.557375710240918
27847,102.0,Cai Vista Hermosa ,0.7 km,3,4.557375710240918
28021,103.0,Cai Paraiso ,0.5 km,3,4.557375710240918
28027,247.0,Cai Chile ,1.4 km,7,13.811828262289291
28039,247.0,Cai Lourdes ,1.1 km,6,13.811828262289291
28045,247.0,Cai Chapinero ,1.6 km,7,13.811828262289291
28052,247.0,Cai Granada ,1.2 km,6,13.811828262289291
28157,247.0,Cai San Luis ,1.9 km,8,13.811828262289291
28239,161.0,Estación Tunjuelito ,2.6 km,7,7.945104748270014
28262,161.0,Cai Oneida ,3.9 km,8,7.945104748270014
28276,161.0,Cai Villa Claudia ,3.5 km,8,7.945104748270014
28333,161.0,Cai Villa Mayor ,2.3 km,7,7.945104748270014
28343,161.0,Cai Gorgonzola ,2.5 km,6,7.945104748270014
28344,161.0,Cai Galan ,2.9 km,7,7.945104748270014
28345,161.0,Cai La Alquería ,2.3 km,6,7.945104748270014
28346,161.0,Cai Tejar ,1.6 km,3,7.945104748270014
28347,161.0,Cai Santa Matilde ,2.3 km,7,7.945104748270014
28359,161.0,Cai Claret ,2.7 km,8,7.945104748270014
28373,104.0,Cai Codito ,0.2 km,1,4.601013191631184
28747,147.0,Cai Altamira ,0.9 km,3,2.4853124012353445
28754,147.0,Cai Juan Rey ,2.2 km,6,2.4853124012353445
28755,147.0,Cai Los Libertadores ,0.3 km,2,2.4853124012353445
28756,147.0,Cai Yomasa ,1.9 km,5,2.4853124012353445
28907,219.0,Cai Las Cruces ,0.5 km,3,5.107584220989939
28912,219.0,Cai Girardot ,1.6 km,7,5.107584220989939
28919,219.0,Cai Colseguros ,2.0 km,8,5.107584220989939
28922,219.0,Cai Distrital ,0.9 km,4,5.107584220989939
28927,219.0,Cai Guavio ,1.8 km,7,5.107584220989939
28934,219.0,Cai Usme ,1.3 km,5,5.107584220989939
29024,219.0,Cai Ciudad Berna ,1.5 km,4,5.107584220989939
29027,219.0,Cai Restrepo ,2.3 km,7,5.107584220989939
29032,219.0,Cai Bolivia ,1.6 km,7,5.107584220989939
29035,219.0,Estación Candelaria ,1.1 km,6,5.107584220989939
29060,121.0,Cai Unicentro ,1.8 km,7,4.601013191631184
29071,121.0,Cai Navarra ,1.6 km,6,4.601013191631184
29249,127.0,Estación Santa Fé ,1.0 km,5,5.107584220989939
29257,127.0,Cai San Diego ,1.2 km,3,5.107584220989939
29262,127.0,Cai Torres Blancas ,1.6 km,5,5.107584220989939
29263,127.0,Cai Colseguros ,1.4 km,8,5.107584220989939
29264,127.0,Cai Telecom ,2.3 km,6,5.107584220989939
29363,127.0,Cai Teusaquillo ,2.7 km,7,5.107584220989939
29378,127.0,Cai Samper Mendoza ,3.0 km,8,5.107584220989939
29385,127.0,Cai Rosario ,1.5 km,8,5.107584220989939
29482,107.0,Cai Castilla ,1.7 km,7,15.525693658555944
29484,107.0,Cai Marsella ,1.0 km,3,15.525693658555944
29704,245.0,Cai San Luis ,1.3 km,6,2.878816391520804
29709,245.0,Cai Federman ,1.3 km,5,2.878816391520804
29713,245.0,Cai Soledad ,1.6 km,7,2.878816391520804
29714,245.0,Cai Galerias ,0.2 km,1,2.878816391520804
29715,245.0,Cai Siete De Agosto ,2.6 km,6,2.878816391520804
29796,179.0,Cai Bello Horizonte ,1.6 km,5,2.4853124012353445
29797,179.0,Cai Guacamayas ,1.4 km,5,2.4853124012353445
29805,179.0,Cai La Victoria ,2.0 km,7,2.4853124012353445
30005,108.0,Cai Modelia ,1.5 km,5,2.9593243387289996
30030,108.0,Cai Ciudad Salitre ,3.1 km,8,2.9593243387289996
30163,109.0,Estación  ,1.4 km,8,4.557375710240918
30426,110.0,Cai Vista Hermosa ,0.4 km,2,4.557375710240918
30435,110.0,Cai Lucero ,1.1 km,5,4.557375710240918
30436,110.0,Cai Compartir ,1.1 km,5,4.557375710240918
30443,110.0,Cai La Joya ,1.8 km,7,4.557375710240918
30548,112.0,Cai Villas De Granada ,2.1 km,7,7.220870423971701
30764,113.0,Cai Samper Mendoza ,3.3 km,8,7.945104748270014
30855,191.0,Cai Plaza De Las Américas ,1.7 km,6,15.525693658555944
30863,191.0,Cai Marsella ,2.1 km,6,15.525693658555944
30936,191.0,Cai Gorgonzola ,4.4 km,8,15.525693658555944
31087,152.0,Cai San José De Bavaria ,1.9 km,6,10.23806100125259
31184,149.0,Cai Nuevo Porvenir ,0.9 km,4,1.563767675016456
31409,124.0,Estación Suba ,1.8 km,8,10.23806100125259
31437,124.0,Cai San José De Bavaria ,2.7 km,6,10.23806100125259
31498,115.0,Cai Girardot ,2.2 km,7,2.4853124012353445
31518,115.0,Cai Veinte De Julio ,2.1 km,6,2.4853124012353445
31520,115.0,Estación San Cristóbal ,0.9 km,3,2.4853124012353445
31528,115.0,Cai Ramajal ,2.5 km,8,2.4853124012353445
31685,223.0,Cai Las Cruces ,2.2 km,7,1.5016567730358827
31689,223.0,Cai Distrital ,2.2 km,7,1.5016567730358827
31787,223.0,Estación Antonio Nariño ,1.6 km,7,1.5016567730358827
31790,223.0,Cai Paloquemao ,2.6 km,8,1.5016567730358827
31794,223.0,Estación Mártires ,2.1 km,7,1.5016567730358827
31795,223.0,Cai Ciudad Berna ,2.0 km,7,1.5016567730358827
31797,223.0,Cai Restrepo ,0.9 km,3,1.5016567730358827
31801,223.0,Cai Valvanera ,1.8 km,6,1.5016567730358827
31850,145.0,Cai Las Cruces ,3.2 km,8,2.4853124012353445
31865,145.0,Cai Bello Horizonte ,2.0 km,7,2.4853124012353445
31867,145.0,Cai Guacamayas ,2.2 km,8,2.4853124012353445
31869,145.0,Estación San Cristóbal ,0.2 km,1,2.4853124012353445
31870,145.0,Cai Veinte De Julio ,1.0 km,4,2.4853124012353445
32085,162.0,Cai Macarena ,2.8 km,8,2.9593243387289996
32300,181.0,Estación Barrios Unidos ,3.2 km,8,10.23806100125259
32378,163.0,Cai Bello Horizonte ,2.4 km,8,2.4853124012353445
32385,163.0,Cai Los Libertadores ,1.7 km,7,2.4853124012353445
32386,163.0,Cai Guacamayas ,2.1 km,7,2.4853124012353445
32389,163.0,Cai Altamira ,1.3 km,5,2.4853124012353445
32393,163.0,Cai La Victoria ,1.1 km,4,2.4853124012353445
32543,178.0,Cai Girardot ,2.5 km,8,2.4853124012353445
32547,178.0,Cai Veinte De Julio ,2.2 km,8,2.4853124012353445
32549,178.0,Cai Las Cruces ,0.8 km,4,2.4853124012353445
32554,178.0,Cai Distrital ,0.3 km,1,2.4853124012353445
32559,178.0,Cai Guavio ,2.1 km,8,2.4853124012353445
32561,178.0,Cai Usme ,1.7 km,6,2.4853124012353445
32656,178.0,Cai Ciudad Berna ,2.0 km,7,2.4853124012353445
32678,178.0,Estación Candelaria ,1.5 km,6,2.4853124012353445
32728,119.0,Estación San Cristóbal ,1.1 km,4,2.4853124012353445
32729,119.0,Cai Veinte De Julio ,1.6 km,6,2.4853124012353445
32732,119.0,Cai Guacamayas ,1.3 km,4,2.4853124012353445
32739,119.0,Cai Bello Horizonte ,1.1 km,4,2.4853124012353445
32949,116.0,Cai Versalles ,0.6 km,4,2.9593243387289996
33067,227.0,Cai Las Cruces ,1.0 km,5,5.107584220989939
33068,227.0,Cai Guavio ,2.5 km,8,5.107584220989939
33071,227.0,Cai Colseguros ,2.4 km,8,5.107584220989939
33076,227.0,Cai Distrital ,1.4 km,7,5.107584220989939
33088,227.0,Cai Usme ,2.1 km,7,5.107584220989939
33182,227.0,Cai Ciudad Berna ,2.1 km,6,5.107584220989939
33184,227.0,Cai Restrepo ,2.2 km,8,5.107584220989939
33191,227.0,Cai Bolivia ,2.0 km,7,5.107584220989939
33195,227.0,Estación Candelaria ,1.9 km,7,5.107584220989939
33308,133.0,Cai Normandia ,1.7 km,8,7.220870423971701
33311,133.0,Cai Alamos ,1.9 km,7,7.220870423971701
33325,133.0,Cai Villa Luz ,1.4 km,7,7.220870423971701
33544,117.0,Cai Lucero ,1.3 km,6,4.557375710240918
33545,117.0,Cai Vista Hermosa ,1.0 km,5,4.557375710240918
33554,117.0,Cai San Francisco ,1.7 km,7,4.557375710240918
33557,117.0,Cai Compartir ,0.4 km,2,4.557375710240918
33663,155.0,Cai Gaitana ,1.5 km,6,10.23806100125259
33671,155.0,Cai Aures ,1.9 km,8,10.23806100125259
33838,151.0,Cai Jaboque ,2.3 km,8,7.220870423971701
33847,151.0,Cai Villas De Granada ,0.7 km,3,7.220870423971701
34073,197.0,Cai Santo Domingo ,0.6 km,3,4.557375710240918
34170,120.0,Cai Versalles ,1.6 km,4,2.9593243387289996
34297,126.0,Estación Tunjuelito ,3.3 km,7,3.9049283849637786
34392,126.0,Cai Villa Mayor ,2.3 km,6,3.9049283849637786
34394,126.0,Cai Valvanera ,2.5 km,8,3.9049283849637786
34398,126.0,Estación Rafael Uribe ,2.0 km,8,3.9049283849637786
34406,126.0,Cai Claret ,1.1 km,5,3.9049283849637786
34409,126.0,Cai Centenario ,1.9 km,8,3.9049283849637786
34412,126.0,Cai Gustavo Restrepo ,1.9 km,8,3.9049283849637786
34420,126.0,Cai San Jorge ,1.9 km,8,3.9049283849637786
34438,164.0,Estación Santa Fé ,0.7 km,4,5.107584220989939
34449,164.0,Cai San Diego ,1.6 km,5,5.107584220989939
34450,164.0,Cai Colseguros ,1.0 km,6,5.107584220989939
34454,164.0,Cai Telecom ,1.7 km,8,5.107584220989939
34455,164.0,Cai Torres Blancas ,2.0 km,6,5.107584220989939
34557,164.0,Cai Teusaquillo ,3.1 km,8,5.107584220989939
34577,164.0,Cai Rosario ,1.1 km,6,5.107584220989939
34615,122.0,Cai Girardot ,2.0 km,7,5.107584220989939
34619,122.0,Cai Los Laches ,1.0 km,4,5.107584220989939
34626,122.0,Cai Dorado ,71 m,1,5.107584220989939
34629,122.0,Cai Mirador ,2.3 km,7,5.107584220989939
34631,122.0,Cai Guavio ,1.7 km,6,5.107584220989939
34643,122.0,Cai Ramajal ,0.3 km,1,5.107584220989939
34789,251.0,Cai Lourdes ,1.1 km,5,2.878816391520804
34891,251.0,Cai Federman ,2.7 km,8,2.878816391520804
34894,251.0,Cai San Luis ,1.0 km,4,2.878816391520804
34896,251.0,Estación Teusaquillo ,2.2 km,7,2.878816391520804
34998,157.0,Cai Laureles ,1.3 km,6,6.590791712152753
35009,157.0,Cai San José ,1.3 km,6,6.590791712152753
35154,199.0,Cai La Victoria ,1.7 km,5,2.4853124012353445
35155,199.0,Cai Guacamayas ,1.0 km,4,2.4853124012353445
35156,199.0,Cai Bello Horizonte ,1.2 km,4,2.4853124012353445
35262,199.0,Cai Dianaturbay ,1.6 km,5,2.4853124012353445
35279,199.0,Cai Palermo Sur ,2.6 km,8,2.4853124012353445
35329,140.0,Estación Usme ,1.4 km,4,1.563767675016456
35341,140.0,Cai Antonio José De Sucre ,0.4 km,2,1.563767675016456
35506,206.0,Estación Usme ,1.4 km,5,1.563767675016456
35513,206.0,Cai Nuevo Porvenir ,1.3 km,6,1.563767675016456
35514,206.0,Cai Antonio José De Sucre ,1.8 km,6,1.563767675016456
35750,231.0,Cai Siete De Agosto ,3.6 km,7,2.878816391520804
35759,231.0,Cai Teusaquillo ,1.3 km,5,2.878816391520804
35761,231.0,Cai Galerias ,1.9 km,5,2.878816391520804
35764,231.0,Cai Samper Mendoza ,1.6 km,7,2.878816391520804
35770,231.0,Cai Federman ,3.0 km,7,2.878816391520804
35778,231.0,Cai Soledad ,0.8 km,4,2.878816391520804
35820,248.0,Cai Lourdes ,0.9 km,5,2.878816391520804
35949,248.0,Cai San Luis ,1.0 km,4,2.878816391520804
36141,130.0,Estación Ciudad Bolívar ,0.5 km,2,4.557375710240918
36148,130.0,Cai Perdomo ,0.9 km,3,4.557375710240918
36151,130.0,Cai La Candelaria ,2.8 km,7,4.557375710240918
36158,130.0,Cai Arborizadora Alta ,2.2 km,8,4.557375710240918
36161,128.0,Estación Usaquén  ,2.2 km,7,4.601013191631184
36167,128.0,Cai Villa Nidia ,1.5 km,7,4.601013191631184
36268,128.0,Cai Mazuren ,1.6 km,5,4.601013191631184
36393,129.0,Cai Oneida ,3.2 km,7,15.525693658555944
36400,129.0,Cai Techo ,2.8 km,7,15.525693658555944
36402,129.0,Cai Marsella ,1.0 km,3,15.525693658555944
36405,129.0,Cai Caldas ,2.9 km,7,15.525693658555944
36578,186.0,Cai Santander ,2.1 km,8,2.9593243387289996
36587,186.0,Cai Versalles ,1.8 km,6,2.9593243387289996
36769,159.0,Cai Ferias ,1.1 km,5,7.220870423971701
36791,159.0,Estación Barrios Unidos ,1.6 km,6,7.220870423971701
36793,159.0,Cai Modelo ,2.4 km,8,7.220870423971701
36978,226.0,Estación Antonio Nariño ,1.8 km,6,3.9049283849637786
36983,226.0,Cai Valvanera ,1.8 km,7,3.9049283849637786
36997,226.0,Cai Claret ,1.8 km,6,3.9049283849637786
36999,226.0,Estación Rafael Uribe ,1.2 km,4,3.9049283849637786
37003,226.0,Cai Gustavo Restrepo ,1.1 km,3,3.9049283849637786
37005,226.0,Cai Centenario ,1.1 km,3,3.9049283849637786
37011,226.0,Cai San Jorge ,1.1 km,3,3.9049283849637786
37015,226.0,Cai Lomas ,2.3 km,8,3.9049283849637786
37099,201.0,Estación Fontibón ,0.7 km,3,2.9593243387289996
37102,201.0,Cai Santander ,1.8 km,7,2.9593243387289996
37113,201.0,Cai Sabana Grande ,1.9 km,8,2.9593243387289996
37283,134.0,Cai Engativá ,1.2 km,6,7.220870423971701
37295,134.0,Cai Jaboque ,1.8 km,5,7.220870423971701
37451,209.0,Cai Granjas ,1.3 km,5,2.9593243387289996
37455,209.0,Cai Modelia ,3.0 km,7,2.9593243387289996
37564,221.0,Cai Las Cruces ,2.2 km,7,1.5016567730358827
37577,221.0,Cai Distrital ,2.2 km,7,1.5016567730358827
37667,221.0,Estación Mártires ,2.5 km,8,1.5016567730358827
37668,221.0,Cai Ciudad Berna ,2.8 km,7,1.5016567730358827
37676,221.0,Cai Ricaurte ,2.8 km,8,1.5016567730358827
37680,221.0,Cai Valvanera ,1.5 km,5,1.5016567730358827
37681,221.0,Cai Restrepo ,1.2 km,5,1.5016567730358827
37682,221.0,Cai Santa Isabel  ,2.8 km,8,1.5016567730358827
37688,221.0,Estación Antonio Nariño ,1.5 km,6,1.5016567730358827
37691,221.0,Cai Santa Matilde ,1.9 km,7,1.5016567730358827
37699,221.0,Cai San Jorge ,2.2 km,8,1.5016567730358827
37705,221.0,Cai Gustavo Restrepo ,2.2 km,8,1.5016567730358827
37706,221.0,Cai Centenario ,2.2 km,8,1.5016567730358827
37934,207.0,Cai Villa Del Rio ,1.7 km,4,15.525693658555944
37955,207.0,Estación Kennedy ,1.6 km,7,15.525693658555944
37958,207.0,Cai Timiza ,1.2 km,5,15.525693658555944
37961,207.0,Cai Socorro ,1.0 km,5,15.525693658555944
38193,225.0,Cai Valvanera ,0.4 km,2,1.5016567730358827
38194,225.0,Cai Santa Isabel  ,3.0 km,8,1.5016567730358827
38195,225.0,Estación Antonio Nariño ,0.8 km,4,1.5016567730358827
38196,225.0,Cai Restrepo ,1.7 km,6,1.5016567730358827
38203,225.0,Cai Ricaurte ,3.0 km,8,1.5016567730358827
38208,225.0,Cai San Jorge ,1.2 km,6,1.5016567730358827
38215,225.0,Cai Santa Matilde ,1.7 km,7,1.5016567730358827
38223,225.0,Cai Centenario ,1.2 km,6,1.5016567730358827
38225,225.0,Cai Gustavo Restrepo ,1.2 km,6,1.5016567730358827
38308,171.0,Cai Villa Claudia ,2.0 km,6,7.945104748270014
38377,171.0,Cai Galan ,1.5 km,5,7.945104748270014
38386,171.0,Cai Gorgonzola ,2.8 km,6,7.945104748270014
38483,142.0,Estación Fontibón ,0.6 km,3,2.9593243387289996
38491,142.0,Cai Sabana Grande ,2.3 km,7,2.9593243387289996
38493,142.0,Cai Santander ,1.2 km,5,2.9593243387289996
38626,189.0,Estación Bosa ,1.4 km,6,6.590791712152753
38629,189.0,Cai Piamonte ,1.1 km,4,6.590791712152753
38637,189.0,Cai Laureles ,0.9 km,4,6.590791712152753
38638,189.0,Cai Antonia Santos ,0.9 km,3,6.590791712152753
38854,168.0,Cai Normandia ,1.6 km,6,7.220870423971701
39021,143.0,Cai Andes ,2.4 km,8,10.23806100125259
39046,143.0,Cai Fontanar ,1.8 km,7,10.23806100125259
39113,222.0,Cai Las Cruces ,1.8 km,6,1.5016567730358827
39131,222.0,Cai Distrital ,1.8 km,5,1.5016567730358827
39134,222.0,Cai Usme ,2.6 km,8,1.5016567730358827
39233,222.0,Cai Valvanera ,1.8 km,7,1.5016567730358827
39235,222.0,Cai Ciudad Berna ,2.3 km,6,1.5016567730358827
39236,222.0,Estación Antonio Nariño ,1.8 km,8,1.5016567730358827
39237,222.0,Cai Restrepo ,1.1 km,4,1.5016567730358827
39245,222.0,Estación Candelaria ,2.4 km,8,1.5016567730358827
39268,249.0,Cai Navarra ,3.1 km,6,13.811828262289291
39276,249.0,Cai El Virrey ,0.5 km,2,13.811828262289291
39277,249.0,Cai Estadero ,1.8 km,7,13.811828262289291
39279,249.0,Cai Oxy ,1.5 km,8,13.811828262289291
39391,249.0,Cai Polo Club ,2.2 km,7,13.811828262289291
39515,148.0,Cai Castilla ,2.1 km,7,15.525693658555944
39525,148.0,Cai Modelia ,3.9 km,7,15.525693658555944
39758,150.0,Cai Gorgonzola ,1.0 km,3,7.945104748270014
39761,150.0,Cai Galan ,1.4 km,4,7.945104748270014
39763,150.0,Cai Tejar ,2.6 km,7,7.945104748270014
39764,150.0,Estación Puente Aranda ,2.4 km,8,7.945104748270014
39773,150.0,Cai Santa Matilde ,2.0 km,8,7.945104748270014
39811,228.0,Cai San Victorino ,2.4 km,8,4.942820703104401
39816,228.0,Cai Telecom ,2.5 km,8,4.942820703104401
39919,228.0,Cai Ricaurte ,1.9 km,8,4.942820703104401
39920,228.0,Cai Samper Mendoza ,2.4 km,8,4.942820703104401
39924,228.0,Cai Santa Isabel  ,1.9 km,8,4.942820703104401
39925,228.0,Estación Mártires ,1.5 km,6,4.942820703104401
39937,228.0,Cai Paloquemao ,0.7 km,3,4.942820703104401
40096,176.0,Cai Santa Isabel  ,2.4 km,7,4.942820703104401
40098,176.0,Estación Antonio Nariño ,1.6 km,6,4.942820703104401
40099,176.0,Cai Ricaurte ,2.4 km,7,4.942820703104401
40104,176.0,Cai Santa Matilde ,1.6 km,6,4.942820703104401
40105,176.0,Cai Valvanera ,1.3 km,4,4.942820703104401
40110,176.0,Cai Restrepo ,2.2 km,7,4.942820703104401
40114,176.0,Cai Centenario ,2.1 km,8,4.942820703104401
40119,176.0,Cai San Jorge ,2.1 km,8,4.942820703104401
40121,176.0,Cai Gustavo Restrepo ,2.1 km,8,4.942820703104401
40153,166.0,Cai San Diego ,2.6 km,5,2.878816391520804
40160,166.0,Cai Telecom ,2.6 km,6,2.878816391520804
40161,166.0,Cai Torres Blancas ,3.1 km,6,2.878816391520804
40256,166.0,Cai Teusaquillo ,2.1 km,7,2.878816391520804
40260,166.0,Cai Galerias ,3.2 km,8,2.878816391520804
40264,166.0,Cai Samper Mendoza ,1.6 km,4,2.878816391520804
40268,166.0,Cai Soledad ,2.3 km,8,2.878816391520804
40330,202.0,Cai Las Cruces ,2.2 km,7,2.4853124012353445
40338,202.0,Cai Veinte De Julio ,0.9 km,4,2.4853124012353445
40342,202.0,Estación San Cristóbal ,1.5 km,5,2.4853124012353445
40344,202.0,Cai Distrital ,1.5 km,5,2.4853124012353445
40437,202.0,Estación Antonio Nariño ,2.4 km,8,2.4853124012353445
40439,202.0,Cai Restrepo ,1.7 km,8,2.4853124012353445
40441,202.0,Cai Ciudad Berna ,0.7 km,3,2.4853124012353445
40487,246.0,Cai Lourdes ,1.8 km,8,2.878816391520804
40603,246.0,Estación Teusaquillo ,1.9 km,8,2.878816391520804
40605,246.0,Cai Galerias ,0.8 km,4,2.878816391520804
40609,246.0,Cai Soledad ,1.5 km,7,2.878816391520804
40614,246.0,Cai Federman ,2.0 km,8,2.878816391520804
40615,246.0,Cai San Luis ,1.1 km,5,2.878816391520804
40857,203.0,Cai Veinte De Julio ,2.5 km,8,3.9049283849637786
40975,203.0,Estación Rafael Uribe ,1.6 km,7,3.9049283849637786
40983,203.0,Cai Lomas ,1.8 km,6,3.9049283849637786
40985,203.0,Cai Gustavo Restrepo ,2.0 km,8,3.9049283849637786
40987,203.0,Cai Centenario ,2.0 km,8,3.9049283849637786
40988,203.0,Cai San Jorge ,2.0 km,8,3.9049283849637786
41078,170.0,Cai Modelia ,2.3 km,6,7.220870423971701
41086,170.0,Cai Ciudad Salitre ,2.2 km,6,7.220870423971701
41095,170.0,Cai Normandia ,0.4 km,2,7.220870423971701
41267,158.0,Cai Bachue ,1.3 km,5,7.220870423971701
41269,158.0,Cai Serena ,1.1 km,6,7.220870423971701
41282,158.0,Cai Quirigua ,1.5 km,6,7.220870423971701
41378,230.0,Cai Veinte De Julio ,2.2 km,7,3.9049283849637786
41479,230.0,Estación Antonio Nariño ,1.7 km,8,3.9049283849637786
41480,230.0,Cai Ciudad Berna ,2.4 km,8,3.9049283849637786
41498,230.0,Estación Rafael Uribe ,1.4 km,5,3.9049283849637786
41502,230.0,Cai Centenario ,1.6 km,6,3.9049283849637786
41510,230.0,Cai Gustavo Restrepo ,1.6 km,6,3.9049283849637786
41511,230.0,Cai San Jorge ,1.6 km,6,3.9049283849637786
41579,184.0,Estación Kennedy ,1.5 km,6,15.525693658555944
41585,184.0,Cai Oneida ,1.4 km,5,15.525693658555944
41587,184.0,Cai Techo ,1.7 km,7,15.525693658555944
41596,184.0,Cai Timiza ,1.7 km,7,15.525693658555944
41598,184.0,Cai Delicias ,2.3 km,8,15.525693658555944
41599,184.0,Cai Villa Claudia ,2.7 km,8,15.525693658555944
41749,198.0,Estación Kennedy ,1.4 km,4,15.525693658555944
41751,198.0,Cai Oneida ,2.1 km,8,15.525693658555944
41763,198.0,Cai Caldas ,1.0 km,5,15.525693658555944
41766,198.0,Cai Techo ,1.6 km,6,15.525693658555944
41895,192.0,Cai La Victoria ,2.0 km,8,2.4853124012353445
41900,192.0,Cai Guacamayas ,0.5 km,2,2.4853124012353445
41903,192.0,Cai Bello Horizonte ,0.6 km,2,2.4853124012353445
41904,192.0,Cai Veinte De Julio ,2.1 km,8,2.4853124012353445
42018,192.0,Cai Dianaturbay ,2.3 km,8,2.4853124012353445
42102,175.0,Cai Oneida ,3.2 km,7,7.945104748270014
42122,175.0,Cai Villa Claudia ,2.8 km,7,7.945104748270014
42181,175.0,Cai Tejar ,0.9 km,3,7.945104748270014
42183,175.0,Cai Gorgonzola ,2.4 km,6,7.945104748270014
42186,175.0,Cai Galan ,2.1 km,6,7.945104748270014
42471,177.0,Estación Engativá ,1.3 km,5,7.220870423971701
42474,177.0,Cai Alamos ,1.5 km,6,7.220870423971701
42477,177.0,Cai Villa Luz ,0.9 km,3,7.220870423971701
42481,177.0,Cai Florida ,1.2 km,5,7.220870423971701
42634,194.0,Cai Modelia ,2.3 km,6,7.220870423971701
42645,194.0,Cai Normandia ,0.7 km,4,7.220870423971701
42649,194.0,Cai Villa Luz ,1.4 km,6,7.220870423971701
42799,182.0,Cai Castilla ,0.8 km,4,15.525693658555944
42993,195.0,Cai Ferias ,1.3 km,5,7.220870423971701
43026,195.0,Estación Barrios Unidos ,2.4 km,7,7.220870423971701
43210,229.0,Cai Ricaurte ,1.8 km,8,4.942820703104401
43211,229.0,Cai Samper Mendoza ,2.9 km,7,4.942820703104401
43212,229.0,Estación Mártires ,1.5 km,6,4.942820703104401
43214,229.0,Cai Paloquemao ,1.4 km,5,4.942820703104401
43225,229.0,Cai Santa Isabel  ,1.8 km,8,4.942820703104401
43326,210.0,Cai Granjas ,1.7 km,7,2.9593243387289996
43339,210.0,Cai Modelia ,2.4 km,5,2.9593243387289996
43342,210.0,Cai Normandia ,2.9 km,7,2.9593243387289996
43343,210.0,Cai Ciudad Salitre ,3.3 km,8,2.9593243387289996
43501,208.0,Cai Modelia ,2.8 km,6,2.9593243387289996
43504,208.0,Cai Granjas ,1.6 km,6,2.9593243387289996
43513,208.0,Cai Hayuelos ,3.6 km,8,2.9593243387289996
43515,208.0,Cai Normandia ,3.3 km,8,2.9593243387289996
